68eaad222a4ecd0d309a880a,txn_68eaad152a4ecd0d309a8807,SMLBbqFsRCTtwGDsrPrLTZqeSJF3,34324,MOBILEBANKING,BKASH-BKash,lily68cc567288bd2,0,36124,US,Mountain View,"37.4056,-122.0775",0,success,2025-10-11T19:16:50.645Z,0,Linux,Chromium 140,ed6f1dc08530136442efbb1a9837eb67
68eaad5a2a4ecd0d309a8810,txn_68eaad502a4ecd0d309a880d,SMLBbqFsRCTtwGDsrPrLTZqeSJF3,343,MOBILEBANKING,DBBLMOBILEB-Dbbl Mobile Banking,lily68cc567288bd2,0,2143,US,Mountain View,"37.4056,-122.0775",0,success,2025-10-11T19:17:46.761Z,0,Linux,Chromium 140,ed6f1dc08530136442efbb1a9837eb67
68eaad7f2a4ecd0d309a8816,txn_68eaad722a4ecd0d309a8813,SMLBbqFsRCTtwGDsrPrLTZqeSJF3,34,MOBILEBANKING,BKASH-BKash,lily68cc567288bd2,0,1834,US,Mountain View,"37.4056,-122.0775",0,success,2025-10-11T19:18:23.547Z,0,Linux,Chromium 140,ed6f1dc08530136442efbb1a9837eb67
68eaadfa5569c7c4dc094570,txn_68eaade55569c7c4dc09456c,SMLBbqFsRCTtwGDsrPrLTZqeSJF3,232,MOBILEBANKING,NAGAD-Nagad,lily68cc567288bd2,0,2032,US,Mountain View,"37.4056,-122.0775",0,success,2025-10-11T19:20:26.431Z,0,Linux,Chromium 140,ed6f1dc08530136442efbb1a9837eb67
68eaae2a5569c7c4dc094576,txn_68eaae1f5569c7c4dc094573,SMLBbqFsRCTtwGDsrPrLTZqeSJF3,545324,MOBILEBANKING,BKASH-BKash,lily68cc567288bd2,0,547124,US,Mountain View,"37.4056,-122.0775",0,success,2025-10-11T19:21:14.510Z,0,Linux,Chromium 140,ed6f1dc08530136442efbb1a9837eb67
68eaaea15569c7c4dc09457c,txn_68eaae895569c7c4dc094579,SMLBbqFsRCTtwGDsrPrLTZqeSJF3,434,MOBILEBANKING,NAGAD-Nagad,lily68cc567288bd2,0,2234,US,Mountain View,"37.4056,-122.0775",0,success,2025-10-11T19:23:13.670Z,0,Linux,Chromium 140,ed6f1dc08530136442efbb1a9837eb67
68eaaeef5569c7c4dc094582,txn_68eaaee35569c7c4dc09457f,SMLBbqFsRCTtwGDsrPrLTZqeSJF3,34,MOBILEBANKING,BKASH-BKash,lily68cc567288bd2,0,1834,US,Mountain View,"37.4056,-122.0775",0,success,2025-10-11T19:24:31.550Z,0,Linux,Chromium 140,ed6f1dc08530136442efbb1a9837eb67
68eab0cc5569c7c4dc09458e,txn_68eab0765569c7c4dc09458b,SMLBbqFsRCTtwGDsrPrLTZqeSJF3,45345,MOBILEBANKING,BKASH-BKash,lily68cc567288bd2,0,47145,US,Mountain View,"37.4056,-122.0775",0,success,2025-10-11T19:32:28.964Z,0,Linux,Chromium 140,ed6f1dc08530136442efbb1a9837eb67
68eab0f45569c7c4dc094594,txn_68eab0e75569c7c4dc094591,SMLBbqFsRCTtwGDsrPrLTZqeSJF3,4343,MOBILEBANKING,NAGAD-Nagad,lily68cc567288bd2,0,6143,US,Mountain View,"37.4056,-122.0775",0,success,2025-10-11T19:33:08.120Z,0,Linux,Chromium 140,ed6f1dc08530136442efbb1a9837eb67
68eab1245569c7c4dc09459a,txn_68eab1195569c7c4dc094597,SMLBbqFsRCTtwGDsrPrLTZqeSJF3,5345,MOBILEBANKING,NAGAD-Nagad,lily68cc567288bd2,0,7145,US,Mountain View,"37.4056,-122.0775",0,success,2025-10-11T19:33:56.776Z,0,Linux,Chromium 140,ed6f1dc08530136442efbb1a9837eb67
68eab17c5569c7c4dc0945a0,txn_68eab14a5569c7c4dc09459d,SMLBbqFsRCTtwGDsrPrLTZqeSJF3,434,MOBILEBANKING,BKASH-BKash,lily68cc567288bd2,0,2234,US,Mountain View,"37.4056,-122.0775",0,success,2025-10-11T19:35:24.843Z,0,Linux,Chromium 140,ed6f1dc08530136442efbb1a9837eb67
